{
    "name": "Blynk", 
    "version": "0.6.1", 
    "description": "Build a smartphone app for your project in minutes. Blynk allows creating IoT solutions easily. It supports  WiFi, BLE, Bluetooth, Ethernet, GSM, USB, Serial. Works with many boards like ESP8266, ESP32, Arduino UNO, Nano, Due, Mega, Zero, MKR100, Yun, Raspberry Pi, Particle, Energia, ARM mbed, Intel Edison/Galileo/Joule, BBC micro:bit, DFRobot, RedBearLab, Microduino, LinkIt ONE ...", 
    "keywords": [
        "sensors", 
        "control", 
        "device", 
        "smartphone", 
        "mobile", 
        "app", 
        "web", 
        "cloud", 
        "communication", 
        "protocol", 
        "iot", 
        "m2m", 
        "wifi", 
        "ble", 
        "bluetooth", 
        "ethernet", 
        "usb", 
        "serial", 
        "gsm", 
        "gprs", 
        "3g", 
        "data", 
        "esp8266", 
        "http"
    ], 
    "authors": [
        {
            "email": null, 
            "url": "https://github.com/vshymanskyy", 
            "maintainer": true, 
            "name": "Volodymyr Shymanskyy"
        }
    ], 
    "repository": {
        "type": "git", 
        "url": "https://github.com/blynkkk/blynk-library.git"
    }, 
    "homepage": "http://blynk.cc", 
    "export": {
        "exclude": [
            "linux", 
            "extras", 
            "tests"
        ]
    }, 
    "frameworks": [
        "arduino", 
        "artik-sdk", 
        "cmsis", 
        "energia", 
        "esp8266-nonos-sdk", 
        "esp8266-rtos-sdk", 
        "espidf", 
        "freedom-e-sdk", 
        "libopencm3", 
        "mbed", 
        "pulp-os", 
        "pumbaa", 
        "simba", 
        "spl", 
        "stm32cube", 
        "tizenrt", 
        "wiringpi"
    ], 
    "platforms": [
        "atmelavr", 
        "atmelsam", 
        "espressif32", 
        "espressif8266", 
        "freescalekinetis", 
        "intel_arc32", 
        "linux_arm", 
        "maxim32", 
        "microchippic32", 
        "nordicnrf51", 
        "nordicnrf52", 
        "nxplpc", 
        "samsung_artik", 
        "siliconlabsefm32", 
        "ststm32", 
        "ststm8", 
        "teensy", 
        "timsp430", 
        "titiva", 
        "wiznet7500"
    ], 
    "examples": "examples/*/*/*.ino", 
    "id": 415
}